NTT Optimistis Persentase Anak Stunting Turun di Bawah Target Nasional ;Penulis Danur Lambang Pristiandaru | Editor Danur Lambang Pristiandaru;17/05/2023:22:55;positive;http://lestari.kompas.com/read/2023/05/17/225548386/ntt-optimistis-persentase-anak-stunting-turun-di-bawah-target-nasional;Bila dibandingkan laporan anak stunting tersebut berbeda dengan Survei Status Gizi Indonesia SSGI 2022 yaitu sebesar 354 persen. Ruth menyampaikan data stunting yang digunakan oleh Pemerintah Provinsi NTT adalah ePPGBM karena didasarkan pada sensus bukan survei. Kepala Dinas Kesehatan Kependudukan dan Pencatatan Sipil Provinsi NTT Ruth D Laiskodat mengatakan persentase anak stunting di NTT hingga Februari 2023 adalah 157 persen atau 67.538 anak;NTT stunting SDG02-Tanpa Kelaparan SDG06-Air Bersih dan Sanitasi Layak SDG03-Kehidupan Sehat dan Sejahtera stunting di NTT
Kemenperin: Industri Manufaktur Sumbang 70 21 Persen dari Total Ekspor Nasional ;Penulis Haryanti Puspa Sari | Editor Akhdi Martin Pratama;17/05/2023:21:00;positive;http://money.kompas.com/read/2023/05/17/210000026/kemenperin--industri-manufaktur-sumbang-70-21-persen-dari-total-ekspor;Febri juga mengatakan sektor industri pengolahan nonmigas menyumbang 6732 persen dari total ekspor nasional pada April 2023. Ekspor industri pengolahan menyumbang 7021 persen atau mencapai 6063 miliar Dollar AS dari total ekspor dalam periode tersebut yang sebesar 8635 miliar Dollar AS. Febri mengatakan dari data BPSmpenurunan ekspor komoditas barang perhiasan dan barang berharga dan minyak kelapa sawit menjadi penyebab utama penurunan nilai ekspor industri pengolahan nonmigas secara bulanan;Ekspor Kemenperin industri manufaktur
Tingkatkan Daya Saing Nasional  Industri Hijau Perlu Digenjot ;Penulis Danur Lambang Pristiandaru | Editor Danur Lambang Pristiandaru;17/05/2023:17:00;positive;http://lestari.kompas.com/read/2023/05/17/170000986/tingkatkan-daya-saing-nasional-industri-hijau-perlu-digenjot;KOMPAS.com Menteri Perindustrian Menperin Agus Gumiwang Kartasasmita menilai penerapan standar industri hijau akan dapat meningkatkan daya saing industri nasional terhadap negaranegara tujuan ekspor. Kementerian Perindustrian menilai penerapan standar industri hijau menjadi jawaban akan kebutuhan tools untuk memenuhi regulasi negara tujuan ekspor tentang praktik berkelanjutan dan manajemen risiko komoditas sehingga menjadi daya saing tersendiri bagi industri nasional kata Agus dalam keterangan di Jakarta Selasa 1652023. Dalam upaya mencetak SDM industri kompeten Kementerian Perindustrian Kemenperin telah memiliki sejumlah unit pendidikan vokasi industri di antaranya sembilan SMK 11 Politeknik dan dua Akademi Komunitas yang tersebar di berbagai daerah di Indonesia;industri hijau SDG08-Pekerjaan Layak dan Pertumbuhan Ekonomi SDG09-Industri  Inovasi dan Infrastruktur industri hijau indonesia daya saing nasional
Ganjil Genap di Jalur Puncak Berlaku Mulai Hari Ini ;Penulis Donny Dwisatryo Priyantoro | Editor Azwar Ferdian;17/05/2023:15:20;positive;http://otomotif.kompas.com/read/2023/05/17/152018815/ganjil-genap-di-jalur-puncak-berlaku-mulai-hari-ini;Jadi mulai Rabu 1752023 hingga Minggu 2152023 jalur wisata Puncak diberlakukan ganjil genap. JAKARTA KOMPAS.com Untuk mencegah terjadinya kemacetan luar biasa di Kawasan Puncak Bogor Jawa Barat Polres Bogor memberlakukan sistem ganjil genap. Rekayasa lalu lintas ini sudah diberlakukan sejak hari ini Rabu 1752023;ganjil genap libur nasional polres bogor Kawasan Puncak sistem ganjil genap aturan ganjil genap puncak bogor ganjil genap puncak Bogor ganjil genap puncak ganjil genap Puncak Bogor Mei 2023
Daftar Lengkap 54 Taman Nasional di Indonesia ;Penulis Danur Lambang Pristiandaru | Editor Danur Lambang Pristiandaru;17/05/2023:15:00;positive;http://lestari.kompas.com/read/2023/05/17/150000886/daftar-lengkap-54-taman-nasional-di-indonesia;Kawasan pelestarian ini berfungsi melindungi tak hanya sumber daya hayati tetapi juga melindungi sistem penyangga kehidupan serta pemanfaatan secara lestari sumber daya alam hayati dan ekosistemnya. Menurut UU No 5 Tahun 1990 taman nasional adalah kawasan pelestarian alam yang mempunyai ekosistem asli. Selain berfungsi sebagai kawasan pelestarian taman nasional juga dapat dilakukan sejumlah kegiatan dengan catatan tujuan tersebut untuk kepentingan penelitian ilmu pengetahuan pendidikan menunjang budidaya budaya dan wisata alam;Taman Nasional SDG14-Ekosistem Lautan SDG15-Ekosistem Daratan Daftar lengkap taman nasional di Indonesia Daftar lengkap taman nasional
Kemenkumham Raih Penghargaan Kinerja Anggaran Terbaik  Yasonna: Kami Fokus Layani Masyarakat ;Penulis Inang Jalaludin Shofihara | Editor Amalia Purnama Sari;17/05/2023:14:47;positive;http://nasional.kompas.com/read/2023/05/17/14470591/kemenkumham-raih-penghargaan-kinerja-anggaran-terbaik-yasonna-kami-fokus;Penghargaan kinerja anggaran terbaik menunjukkan tata kelola anggaran Kemenkumham yang semakin baik dari waktu ke waktu. Adapun penilaian terhadap kinerja anggaran KL merupakan gabungan dari Evaluasi Kinerja Anggaran dan Nilai Indikator Kinerja Pelaksanaan Anggaran. Ia menambahkan Kemenkumham juga terus berkoordinasi dengan Kemenkeu guna meningkatkan aspekaspek kinerja anggaran;Yasonna Laoly Kemenkumham tata kelola anggaran pertumbuhan ekonomi nasional
Soal Kondisi Jalan Rusak di Sumut  Paling Banyak Milik Kabupaten ;Penulis Muhdany Yusuf Laksono | Editor Muhdany Yusuf Laksono;17/05/2023:13:45;positive;http://www.kompas.com/properti/read/2023/05/17/134500821/soal-kondisi-jalan-rusak-di-sumut-paling-banyak-milik-kabupaten;Mengingat jumlah jalan rusak sangat banyak. Kemudian jalan provinsi sepanjang 3.005 km dengan kondisi yang rusak kirakira 340 km. Terkini dia baru saja meninjau kondisi jalan rusak di Kabupaten Labuhan Batu Utara Provinsi Sumatera Utara Sumut pada Rabu 17052023;jalan rusak Perbaikan jalan jalan jalan kabupaten jalan provinsi jalan nasional Sumatera Utara
INFOGRAFIK: Munculnya Konten Manipulatif Retakan Gunung Berapi di Yellowstone AS ;Penulis Tim Cek Fakta | EditorTim Cek Fakta;17/05/2023:12:59;positive;http://www.kompas.com/cekfakta/read/2023/05/17/125900682/infografik--munculnya-konten-manipulatif-retakan-gunung-berapi-di;Akan tetapi banyak juga fenomena alam yang tidak benarbenar terjadi dan hanya merupakan konten hoaks. Adapun contoh hoaks yang beredar adalah ketika muncul unggahan di Facebook yang menyatakan adanya retakan gunung berapi di Taman Nasional Yellowstone Amerika Serikat. Konten itu kemudian sudah ditelusuri pemeriksa fakta dan dipastkan hoaks;infografik Yellowstone taman nasional yellowstone
Herman Deru Paparkan Prestasi Sumsel  dari Kemiskinan Terendah hingga Penurunan Stunting Tertinggi Nasional ;Penulis Inang Jalaludin Shofihara | Editor Amalia Purnama Sari;17/05/2023:12:00;positive;http://regional.kompas.com/read/2023/05/17/12004531/herman-deru-paparkan-prestasi-sumsel-dari-kemiskinan-terendah-hingga;Hal itu dapat dilihat dari beberapa capaian indikator makro Sumsel yakni pertumbuhan ekonomi Sumsel pada 2022 yang tumbuh menjadi 523 persen. Herman menyebutkan tingkat kemiskinan Sumsel pada September 2022 menurun menjadi 119 persen. KOMPAS.com  Gubernur Sumatera Selatan Sumsel Herman Deru memaparkan sejumlah capaian Pemerintah Provinsi Pemprov Sumsel dalam acara peringatan Hari Ulang Tahun HUT ke77 Provinsi Sumsel;Herman Deru capaian pemprov sumsel HUT ke-77 Sumsel prestasi Sumsel
Ada yang Bakal Diperbaiki Jokowi  Seberapa Banyak Jalan Rusak di Jambi? ;Penulis Muhdany Yusuf Laksono | Editor Muhdany Yusuf Laksono;17/05/2023:11:00;positive;http://www.kompas.com/properti/read/2023/05/17/110000721/ada-yang-bakal-diperbaiki-jokowi-seberapa-banyak-jalan-rusak-di-jambi-;Sementara itu Menteri PUPR Basuki Hadimuljono menambahkan ruas Jalan Batas Kota JambiSimpang Desa Sungai Gelam sepanjang 56 km merupakan salah satu ruas yang diusulkan untuk ditangani melalui Inpres Jalan Daerah pada TA 2023. Tadi jalan kabupaten dan ini jalan provinsi yang juga akan diambil alih oleh Pusat untuk segera dikerjakan ujarnya dalam keterangan resmi dikutip dari laman Kementerian PUPR. Selain itu juga diusulkan jalan di Kabupaten Tanjung Jabung Timur yakni Jalan Parit SelamatKuala Mendahara sepanjang 97 km dan Jalan Tugu PMDJalan Poros Kuala Jambi menuju Jalan Jerambah Beton Kampung Laut sepanjang 8 km;Perbaikan jalan Muaro Jambi jalan jalan kabupaten Jambi jalan provinsi jalan nasional jalan daerah
[POPULER NASIONAL] Panglima Yudo Bingung Draf Revisi UU TNI Bisa Beredar | AKBP Bambang Kayun Diduga Terima Suap Rp 57 1 Miliar ;Editor Achmad Nasrudin Yahya;17/05/2023:06:18;positive;http://nasional.kompas.com/read/2023/05/17/06184711/populer-nasional-panglima-yudo-bingung-draf-revisi-uu-tni-bisa-beredar-akbp;Baca selengkapnya Draf Revisi UU TNI Dikritik Panglima TNI Bingung Kok Bisa Beredar Jaksa Penuntut Umum JPU pada Komisi Pemberantasan Korupsi KPK mendakwa AKBP Bambang Kayun Bagus PS menerima suap senilai Rp 571 miliar. Berikut ulasan selengkapnya Panglima TNI Laksamana Yudo Margono bingung draf revisi UU TNI yang belum final tetapi sudah mencuat ke publik. Baca selengkapnya KPK AKBP Bambang Kayun Diduga Terima Suap Rp 571 Miliar Yudo memimpin serah terima jabatan sertijab enam perwira tinggi pati di Aula Gatot Soebroto Mabes TNI Cilangkap Jakarta Timur Senin 1552023;revisi UU TNI UU TNI pasal kontroversial dalam revisi UU TNI revisi UU TNI dinilai bangkitkan dwifungsi ABRI Komisi I minta Panglima TNI rapat bersama
Tapak Tilas Gedung Stovia  Saksi Dibentuknya Organisasi Budi Oetomo ;Penulis Suci Wulandari Putri Chaniago | Editor Anggara Wikan Prasetya;16/05/2023:12:31;positive;http://travel.kompas.com/read/2023/05/16/123100527/tapak-tilas-gedung-stovia-saksi-dibentuknya-organisasi-budi-oetomo;Dokter lulusan Stovia akhirnya banyak yang jadi tokoh perjuangan karena mereka tahu kondisi di lapangan dan mereka bisa terjun langsung menolong masyarakat yang membutuhkan kata Educator Museum Kebangkitan Nasional Titis Kuncoro Wati kepada Kompas.com Jumat 1252023 Semua pelajar lakilaki di Stovia selama menempuh pendidikan kedokteran wajib tinggal di asrama hingga lulus. Tinggal bersama di asrama tentu menguatkan rasa senasib sepenanggungan bagi pelajar Stovia. Gedung Stovia yang saat ini dijadikan sebagai museum dulunya merupakan kawasan sekolah sekaligus asrama bagi pelajar kedokteran. Jauh sebelum adanya teknologi yang membentuk para tenaga medis pelajar yang bersekolah di Stovia menggunakan beberapa alat manual untuk menunjang pendidikan;Museum Kebangkitan Nasional dulunya apa? hari kebangkitan nasional kapan Lokasi Museum Kebangkitan Nasional Hari kebangkitan nasional 2023 Sejarah Hari Kebangkitan Nasional Sejarah Budi Oetomo Lokasi dibentuknya organisasi Budi Oetomo
Panglima TNI Sertijab 6 Perwira Tinggi  dari Pangkogabwilhan III hingga Danpuspom ;Penulis Nirmala Maulana Achmad | Editor Sabrina Asril;16/05/2023:11:16;positive;http://nasional.kompas.com/read/2023/05/16/11164001/panglima-tni-sertijab-6-perwira-tinggi-dari-pangkogabwilhan-iii-hingga;Jabatan Komandan Pusat Polisi Militer Danpuspom TNI diserahterimakan Laksda TNI Edwin kepada Marsda TNI R. Kemudian jabatan Komandan Pusat Misi Pemeliharaan Perdamaian PMPP TNI diserahterimakan dari Marsda TNI Benedictus Benny kepada Laksma TNI Retiono Kunto. Ini tentunya membutuhkan TNI yang kuat TNI yang solid TNI yang sinergi;Panglima TNI TNI Tentara Nasional Indonesia Panglima TNI Yudo Margono
Tanggal 18 Mei Hari Memperingati Apa? ;Penulis Tari Oktaviani | Editor Tari Oktaviani;16/05/2023:11:00;neutral;http://nasional.kompas.com/read/2023/05/16/11000031/tanggal-18-mei-hari-memperingati-apa-;Hari Kenaikan Isa Almasih dirayakan setiap tanggal 18 Mei tiap tahunnya. Hari Museum Internasional juga jatuh pada tanggal 18 Mei setiap tahunnya. Tanggal ini diperingati sebagai Hari Kenaikan Isa Almasih;Tanggal 18 Mei Hari Memperingati Apa? Hari Nasional Tanggal 18 Mei Hari Internasional tanggal 18 Mei 2023 Tanggal 18 Mei diperingati sebagai hari apa? Hari Kenaikan Isa Almasih
Draf Revisi UU TNI Dikritik  Panglima TNI Bingung: Kok Bisa Beredar? ;Penulis Nirmala Maulana Achmad | Editor Sabrina Asril;16/05/2023:08:24;positive;http://nasional.kompas.com/read/2023/05/16/08245201/draf-revisi-uu-tni-dikritik-panglima-tni-bingung-kok-bisa-beredar;JAKARTA KOMPAS.com Panglima TNI Laksamana Yudo Margono bingung draf revisi UU TNI yang belum final tetapi sudah mencuat ke publik. Dalam prosesnya draf final akan disetujui di tingkat Mabes TNI atas persetujuan Panglima Yudo. Diketahui Kepala Badan Pembinaan Hukum Kababinkum TNI Laksmana Muda Laksda Kresno Buntoro telah memaparkan rencana revisi UU TNI itu kepada Panglima Yudo di Mabes TNI Cilangkap Jakarta Timur pada 28 April 2023;TNI Tentara Nasional Indonesia revisi uu tni RUU TNI
[GELITIK NASIONAL] Mengejar Kursi Capres-Cawapres: Ganjar  Prabowo  Cak Imin hingga Airlangga dalam Pusaran ;Penulis Fitria Chusna Farisa | Editor Fitria Chusna Farisa;16/05/2023:06:00;negative;http://nasional.kompas.com/read/2023/05/16/06000051/-gelitik-nasional-mengejar-kursi-capres-cawapres--ganjar-prabowo-cak-imin;Kita tahu Presiden Jokowi juga nggak pernah ketinggalan soal urusan politik kan guys. Sudah tahu dong Ganjar dideklarasikan sebagai capres partai banteng sejak 21 April 2023 kemarin Nah sejak saat itu Ganjar dan mesin politik PDIP semakin giat bermanuver nih guys. Kalau Golkar maunya presiden dari KKIR Koalisi Kebangkitan Indonesia Raya dan wapres dari KIB Koalisi Indonesia Bersatu yaitu Pak Airlangga Hartarto kata Ketua Badan Pemenangan Pemilu Bappilu Partai Golkar Nusron Wahid Rabu 952023;musra relawan jokowi golkar bertemu PKB Golkar-PKB Pemilu 2024 relawan Jokowi koalisi gerindra pkb golkar gerindra pkb golkar
"[POPULER NASIONAL] Musra dan Manuver Jokowi sebagai ""King Maker"" | KPK Tetapkan Kepala Bea Cukai Makassar Tersangka ";Editor Achmad Nasrudin Yahya;16/05/2023:05:30;negative;http://nasional.kompas.com/read/2023/05/16/05300081/-populer-nasional-musra-dan-manuver-jokowi-sebagai-king-maker-kpk-tetapkan;Baca selengkapnya KPK Tetapkan Kepala Bea Cukai Makassar Andhi Pramono Tersangka Keluarga Aisiah Sinta Dewi Hasibuan 43 seorang perempuan yang jenazahnya ditemukan di bawah lift Bandara Kualanamu Deli Serdang Sumatera Utara mencabut laporan yang dibuatnya di Gedung Badan Reserse Kriminal Bareskrim Polri Jakarta. Baca selengkapnya Musra dan Manuver Jokowi sebagai King Maker Terkuat Komisi Pemberantasan Korupsi KPK menetapkan Kepala Bea dan Cukai Makassar Andhi Pramono sebagai tersangka dugaan gratifikasi. Berikut ulasan selengkapnya Tiga nama calon presiden capres hasil Musyawarah Rakyat Musra telah disampaikan kepada Presiden Joko Widodo dalam puncak acara Musra Indonesia yang digelar di Istora Senayan Kompleks Gelora Bung Karno GBK Jakarta Minggu 1452023;musra sulteng Puncak musra jokowi di puncak musra capres musra hasil musra
Baharkam Polri Gagas Program Polisi RW Jadi Program Nasional ;Penulis Rahel Narda Chaterine | Editor Novianti Setuningsih;15/05/2023:22:03;positive;http://nasional.kompas.com/read/2023/05/15/22034831/baharkam-polri-gagas-program-polisi-rw-jadi-program-nasional;Pertama pentingnya koordinasi yang baik antara polisi RW dengan Bhabinkamtibmas Ketua RW pimpinan wilayah dan tokohtokoh masyarakat setempat. Poengky juga menyampaikan sejumlah hal yang perlu dioptimalisasikan dalam program Polisi RW. Menurut Fadil Polisi RW tersebut nantinya akan ditempatkan di setiap wilayah dan diharapkan dapat mencegah gangguan Keamanan Ketertiban Masyarakat Kamtibmas;polisi polisi rw Fadil Imran kabaharkam fadil imran
Panduan lengkap ke Museum Kebangkitan Nasional ;Penulis Suci Wulandari Putri Chaniago | Editor Nabilla Tashandra;15/05/2023:17:48;positive;http://travel.kompas.com/read/2023/05/15/174854127/panduan-lengkap-ke-museum-kebangkitan-nasional;KOMPAS.com Dalam rangka menyambut Hari Kebangkitan Nasional yang diperingati setiap 20 Mei kamu bisa merayakannya dengan berkunjung ke Museum Kebangkitan Nasional. Berikut rinciannya Titis mengatakan bahwa saat ini tiket masuk Museum Kebangkitan Nasional bisa dibeli secara online daring melalui situs web resmi Museum Kebangkitan Nasional. Simak panduan lengkap berkunjung ke Museum Kebangkitan Nasional berikut;Museum Kebangkitan Nasional Hari Kebangkitan Nasional panduan berkunjung ke museum kebangkitan nasional
Perubahan Format dan Aturan untuk Kompetisi Liga 1 2023-24 ;Penulis Kontributor Bola  Suci Rahayu | Editor Aloysius Gonsaga AE;15/05/2023:16:40;positive;http://bola.kompas.com/read/2023/05/15/16400088/perubahan-format-dan-aturan-untuk-kompetisi-liga-1-2023-24;Dalam rilisnya PT LIB menjelaskan perubahan format kompetisi dan juga draft jadwal kompetisi musim depan disesuaikan dengan agenda Timnas Indonesia musim depan. Tak hanya membahas tentang perubahan format kompetisi Liga 1 20232024. Dalam rilis tersebut PT LIB juga menyampaikan sejumlah perubahan terkait dengan teknis kompetisi musim depan;Timnas Indonesia Liga 1 PT LIB tim nasional PT Liga Indonesia Baru
Ikuti Panen Raya di Cirebon  Irjen Kementan Pastikan Jumlah Ketersediaan Beras Nasional Bertambah ;Penulis Mikhael Gewati | Editor Mikhael Gewati;15/05/2023:15:50;positive;http://money.kompas.com/read/2023/05/15/155047526/ikuti-panen-raya-di-cirebon-irjen-kementan-pastikan-jumlah-ketersediaan-beras;Angka ini 554 persen dari produksi Jabar sebanyak 505 juta ton kata Jan Samuel yang mengikuti panen raya di Desa Jagapura Kulon Gegesik Kabupaten Cirebon Senin 1552023. Berdasarkan data Badan Pusat Statistik BPS Jabar produksi padi nasioanl pada 2022 mencapai 5475 juta ton GKG sedangkan Kabupaten Cirebon sebanyak 573.991 ton GKG atau 524 persen dari jumlah produksi padi se Jabar yaitu 943 juta ton GKG. Jan Samuel Maringka mengatakan sebagai daerah penyangga di Provinsi Jawa Barat Jabar Kabupaten Cirebon diprediksi mampu memproduksi 279.893 ton gabah kering giling GKG;Kementan Panen raya di Cirebon
Ratusan Pecinta Mitsubishi Xpander Gelar Halal Bihalal di Solo ;Penulis Donny Dwisatryo Priyantoro | Editor Agung Kurniawan;15/05/2023:10:02;positive;http://otomotif.kompas.com/read/2023/05/15/100200015/ratusan-pecinta-mitsubishi-xpander-gelar-halal-bihalal-di-solo;KOMPAS.comAdityo Wisnu Mitsubishi Xpander 2023 Dalam mensukseskan sosialisasi tersebut untuk pertama kali juga acara Rakernas dan Halbilnas XMOC Indonesia mengundang berbagai komunitas otomotif di seluruh Indonesia kata Ketua Pelaksana Rakernas dan Halbilnas 2023 Aldella Kharisma. Belum lama ini XMOC Indonesia menggelar rapat kerja nasional rakernas dan halal bihalal di Hotel Lor In Solo Jawa Tengah. KOMPAS.comDIO DANANJAYA Mitsubishi Xpander tipe Ultimate Mengambil tema Merajut Silaturahmi Colourful In Harmony acara tahunan XMOC Indonesia kali ini diikuti sekitar 500 anggota dari berbagai kota di seluruh Indonesia;Komunitas mobil halal bihalal Xpander Mitsubishi rakernas X-MOC rapat kerja nasional
Pasar Nasional Turun  Penjualan Mobil Hybrid Melesat April 2023 ;Penulis Ruly Kurniawan | Editor Agung Kurniawan;15/05/2023:08:22;positive;http://otomotif.kompas.com/read/2023/05/15/082200415/pasar-nasional-turun-penjualan-mobil-hybrid-melesat-april-2023;Lexus LS500 Hybrid 0 unit Berikut daftar penjualan mobil hybrid di Indonesia Maret 2023 1. Lebih rinci Toyota Kijang Innova Zenix Hybrid masih menjadi kontributor paling besar pada penjualan mobil hybrid di Indonesia pada April 2023 sebesar 63 persen. Toyota Corolla Altis Hybrid 9 unit9;Gaikindo Mobil Hybrid mobil terlaris penjualan mobil kendaraan listrik kendaraan bermotor Daftar mobil terlaris penjualan mobil listrik mobil hybrid terlaris Daftar mobil terlaris 2023
58 PSN Senilai Rp 420 Triliun Ditargetkan Rampung pada 2024 ;Penulis Rully R. Ramli | Editor Yoga Sukmana;14/05/2023:11:02;positive;http://money.kompas.com/read/2023/05/14/110256126/58-psn-senilai-rp-420-triliun-ditargetkan-rampung-pada-2024;PSN yang beberapa PSN yang lewat 2024 financial closingnya sudah selesai. JAKARTA KOMPAS.com Pemerintah melalui Komite Percepatan Penyediaan Infrastruktur Prioritas KPPIP menargetkan dapat menyelesaikan 58 proyek strategis nasional PSN senilai Rp 420 triliun pada 2024. Tentunya pemerintah akan terus mengupayakan dengan arahan bapak presiden tidak ada lagi proyek yang mangkarak di 2024 kata dia dalam acara Jalan Santai Sewindu PSN di Jakarta Minggu 1452023;proyek infrastruktur proyek strategis nasional KPPIP PSN
Bikin Panik Nasional  Tim IT OJK Turun Tangan Periksa Error BSI ;Penulis Muhammad Idris | Editor Muhammad Idris;13/05/2023:22:43;positive;http://money.kompas.com/read/2023/05/13/224314626/bikin-panik-nasional-tim-it-ojk-turun-tangan-periksa-error-bsi;KOMPAS.com Kepala Eksekutif Pengawas Perbankan Otoritas Jasa Keuangan OJK Dian Ediana Rae meminta agar masyarakat tetap tenang dan bijak menyikapi informasi yang beredar selepas PT Bank Syariah Indonesia Tbk BSI kembali beroperasi normal. Sebagai pedoman OJK telah menerbitkan Peraturan Otoritas Jasa Keuangan Nomor 11POJK.032022 tentang Penyelenggaraan Teknologi Informasi oleh Bank Umum dan Surat Edaran Otoritas Jasa Keuangan Nomor 21SEOJK.032017 tentang Penerapan Manajemen Risiko Dalam Penggunaan Teknologi Informasi oleh Bank Umum. Selanjutnya OJK meminta BSI untuk mengoptimalkan pemberian tanggapan atas pengaduan yang diterima dari nasabah dan masyarakat antara lain dengan mengacu pada Peraturan Otoritas Jasa Keuangan POJK Nomor 6POJK.072022 tentang Perlindungan Konsumen dan Masyarakat di Sektor Jasa Keuangan;OJK bsi
Sinergi Ekonomi Kreatif Dorong Pariwisata RI  Gekrafs Sebut Perlunya Hari Ekraf Nasional ;Editor Aprillia Ika;13/05/2023:20:26;positive;http://money.kompas.com/read/2023/05/13/202628526/sinergi-ekonomi-kreatif-dorong-pariwisata-ri-gekrafs-sebut-perlunya-hari-ekraf;Dukungan presiden akan ekonomi kreatif dalam hal event dan MICE telah membuka cakrawala berpikir global mengenai potensi pariwisata tanah air yang dipadukan dengan ekonomi kreatif kata Mas Kawe. KTT ASEAN di Labuan Bajo ini lanjut Amin menjadi bukti nyata bahwa ekonomi kreatif Indonesia berdaya saing dan berkelas dunia. Melalui beragam acara yang disusun oleh para pelaku ekonomi kreatif nasional Labuan Bajo menjadi panggung untuk menunjukkan kemampuan Indonesia dalam menyelenggarakan acara internasional berskala besar dengan sentuhan kreatif katanya;Jakarta ekonomi kreatif
[POPULER NASIONAL] Usulan Jabatan Wakil Panglima TNI Dinilai Inefisien | Menhan Kongo Minta RI Latih Prajurit Khususnya ;Editor Fitria Chusna Farisa;13/05/2023:05:30;positive;http://nasional.kompas.com/read/2023/05/13/05300021/-populer-nasional-usulan-jabatan-wakil-panglima-tni-dinilai-inefisien-menhan;Baca selengkapnya Revisi UU TNI Jabatan Wakil Panglima dan Perpanjangan Usia Pensiun Dianggap Inefisiensi Indonesia dan Republik Demokratik Kongo sepakat menjalin kerja sama di bidang militer dan pertahanan yang mencakup pembelian sejumlah alat utama sistem persenjataan alutsista dan pengiriman prajurit untuk belajar di akademi militer di Indonesia. Pengamat militer dari Center for Intermestic and Diplomatic Engagement CIDE Anton Aliabbas mengatakan kehadiran jabatan Wakil Panglima TNI dalam usulan perubahan UndangUndang Nomor 34 Tahun 2004 tentang TNI menciptakan inefisiensi di tubuh Mabes TNI. Sejauh ini kata Anton tidak ada justifikasi yang kuat mengenai urgensi keberadaan Wakil Panglima TNI;revisi uu tni usulan revisi uu tni RUU TNI
Museum Kebangkitan Nasional Jakarta: Jam Buka dan Harga Tiket Masuk ;Penulis Suci Wulandari Putri Chaniago | Editor Ni Nyoman Wira Widyanti;12/05/2023:19:10;positive;http://travel.kompas.com/read/2023/05/12/191000927/museum-kebangkitan-nasional-jakarta--jam-buka-dan-harga-tiket-masuk;Museum Kebangkitan Nasional ini dulu merupakan gedung STOVIA yaitu sekolah kedokteran untuk pribumi pada zaman Belanda kata Educator Museum Kebangkutan Nasional Titis Kuncoro Wati kepada Kompas.com Jumat 1252023. Momen bersejarah ini bisa diperingati salah satunya dengan berkunjung ke Museum Kebangkitan Nasional. Jika hendak berkunjung simak informasi seputar jam buka harga tiket dan cara beli tiket masuk Musem Kebangkitan Nasional berikut Museum Kebangkitan Nasional dapat dikunjungi setiap hari kecuali hari Senin dan hari libur nasional;museum kebangkitan nasional museum kebangkitan nasional dimana harga tiket museum kebangkitan nasional Museum Kebangkitan Nasional bayar berapa? Museum Kebangkitan Nasional dulunya apa? hari kebangkitan nasional kapan
SMK-SMAK Padang Raih Akreditasi Tertinggi Nasional 2023 ;Penulis Hilda B Alexander | Editor Hilda B Alexander;12/05/2023:18:00;positive;http://lestari.kompas.com/read/2023/05/12/180000186/smk-smak-padang-raih-akreditasi-tertinggi-nasional-2023;Kepala Badan Pengembangan Sumber Daya Manusia Industri BPSDMI Kementerian Perindustrian Masrokhan mengatakan Penyelenggaraan pendidikan vokasi dilakukan dengan orientasi pada kebutuhan dunia usaha dan dunia kerja dan berbasis kompetensi keahlian tertentu. Saat ini unitunit pendidikan yang masuk program vokasi Kemenperin telah menerapkan konsep dual system dan kurikulum yang disesuaikan dengan kebutuhan industri sehingga lulusan siap kerja setelah lulus. Sekolah ini juga merupakan bentuk upaya dari Kemenperin yang terus fokus meningkatkan kualitas Sumber Daya Manusia SDM industri melalui pengembangan pendidikan vokasi;Kementerian Perindustrian SDG04-Pendidikan Berkualitas SDG17-Kemitraan untuk Mencapai Tujuan sekolah vokasi SMA-SMAK Padang
Macam-macam Gaya Musik ;Penulis Desi Selvia Ningrum | Editor Silmi Nurul Utami;12/05/2023:17:00;positive;http://www.kompas.com/skola/read/2023/05/12/170000169/macam-macam-gaya-musik;Terdapat tiga macam gaya musik. Dalam gaya perseorangan ini sifat atau watak musik tersebut menunjukkan karakter musik komponis tertentu yang terlepas dari tandatanda gaya dalam kurun waktu dan gaya nasional. Gaya musik dapat dilihat dari teknik vokal atau instrumen untuk menghasilkan gaya musik;materi kelas 12 seni budaya musik adalah musik karya musik gaya musik gaya musik adalah jenis-jenis gaya musik gaya dalam kurun waktu gaya nasional gaya perseorangan
Soal Revisi UU TNI  Prabowo: Undang-Undang yang Sudah Ada Berjalan Baik ;Penulis Nirmala Maulana Achmad | Editor Sabrina Asril;11/05/2023:19:45;negative;http://nasional.kompas.com/read/2023/05/11/19451401/soal-revisi-uu-tni-prabowo-undang-undang-yang-sudah-ada-berjalan-baik;Menurut Prabowo UU TNI yang ada sekarang sudah berjalan baik. Dalam UU TNI yang sekarang lanjut Prabowo telah mengatur cara pencegahan korupsi di tubuh Mabes TNI. Diberitakan sebelumnya Mabes TNI tengah menggodok rencana perubahan UU Nomor 34 Tahun 2004 tentang TNI;prabowo subianto UU TNI revisi uu tni tentara nasional indonesia
Sempat Menolak Melanjutkan Final  Tim Nasional Esports Valorant Diputuskan Raih Emas ;Penulis Ferril Dennys | Editor Ferril Dennys;11/05/2023:14:25;positive;http://bola.kompas.com/read/2023/05/11/14253428/sempat-menolak-melanjutkan-final-tim-nasional-esports-valorant-diputuskan-raih;Sekjen PB ESI Frengky Ong mengatakan bahwa Indonesia pada prinsipnya tetap bersikaptegas untuk menolak setiap upaya dan tindakan yang mencederai sportivitas integritas azaskeadilan dan kehormatan esports olahraga dan SEA Games. Terima kasih atas dukungan SEAGF NOC Indonesia dan seluruh ekosistem esports serta warganet yang luar biasa sehingga perjuangan para patriot bangsa yang sangat membanggakan di nomor Valorant mendapat pengakuan dan MerahPutih dapat berkibar di puncak tertinggi kata Frengky dalam rilis kepada Kompas.com Kamis 1152023. Keputusan ini diambil setelah melewati diplomasi panjang dengan pihak penyelenggara cabang olahraga esports SEA Games ke 32 Kamboja 2023 serta dukungan dan keterlibatan serius dari Federasi SEA Games;SEA Games Esport Valorant SEA Games 2023
[POPULER NASIONAL] Ironi Manuver Sandiaga Demi Tiket Cawapres | Penggunaan Masker Bakal Tak Diwajibkan ;Editor Achmad Nasrudin Yahya;11/05/2023:05:15;negative;http://nasional.kompas.com/read/2023/05/11/05150041/-populer-nasional-ironi-manuver-sandiaga-demi-tiket-cawapres-penggunaan;Baca selengkapnya Langkah Pemerintah Setelah Status Darurat Covid19 Dicabut Masker Tidak Wajib hingga Vaksin Bayar Pengusutan kasus korupsi dalam lingkup pengelolaan dana pensiun perusahaan pelat merah kembali diungkap oleh Kejaksaan Agung Kejagung Republik Indonesia. Baca selengkapnya Ironi Manuver Sandiaga Gagal Dapatkan Tiket Cawapres Ganjar Kini Dekati Anies Lewat PKS Organisasi Kesehatan Dunia WHO secara resmi telah mengakhiri status darurat kesehatan global untuk Covid19 pada Jumat 552023. Namun WHO tetap mengingatkan bahwa setelah pencabutan status darurat Covid19 bukan berarti dunia sudah bebas dari virus corona sepenuhnya;Menparekraf Sandiaga Uno sandiaga pks Sandiaga ingin gabung PKS Sandiaga Uno ingin gabung PKS Sandiaga Uno gabung PKS Sandiaga Uno dekati PKS
Pelabuhan Patimban Punya Potensi Besar  Saatnya Berburu Tanah ;Penulis Masya Famely Ruhulessin | Editor Masya Famely Ruhulessin;10/05/2023:21:00;positive;http://www.kompas.com/properti/read/2023/05/10/210000021/pelabuhan-patimban-punya-potensi-besar-saatnya-berburu-tanah;Melihat besarnya peluang keuntungan di masa depan para investor disarankan untuk berburu tanah di sekitar Pelabuhan Patimban sejak sekarang. Pelabuhan ini resmi dikelola oleh PT Pelabuhan Patimban Internasional PPI. Menurutnya demi meningkatkan daya tarik bagi investor lokal maupun asing pengembangan kawasan industri di Patimban diharapkan dapat menarik berbagai industri lain terutama kendaraan listrik yang saat ini menjadi topik hangat;Proyek Strategis Nasional Pelabuhan Patimban Subang pelabuhan Colliers
Ini Langkah Agung Podomoro Dukung Pertumbuhan Ekonomi Nasional ;Penulis Masya Famely Ruhulessin | Editor Masya Famely Ruhulessin;10/05/2023:20:30;positive;http://www.kompas.com/properti/read/2023/05/10/203000821/ini-langkah-agung-podomoro-dukung-pertumbuhan-ekonomi-nasional;Bacelius mengatakan Agung Podomoro dan Bank Mandiri memiliki komitmen yang sama untukmenggerakkan perekonomian Indonesia melalui pertumbuhan sektor riil termasuk pembiayaanproyekproyek properti. Kali ini Agung Podomoro resmi bekerja sama dengan Bank Mandiri untuk menyediakan fasilitas Kredit Kepemilikan Rumah KPR kepada konsumen yang membeli properti dari proyekproyek Agung Podomoro. JAKARTA KOMPAS.com  Pengembang properti terpercaya di Indonesia Agung Podomoro menunjukan tekadnya untuk mendukung percepatan sektor riil demi percepatan pertumbuhan ekonomi nasional;KPR Bank Mandiri Agung Podomoro Land rumah
Selama Sewindu  156 PSN Kelar Dibangun  Telan Rp 1.080 Triliun ;Penulis Muhdany Yusuf Laksono | Editor Muhdany Yusuf Laksono;09/05/2023:20:30;positive;http://www.kompas.com/properti/read/2023/05/09/203000521/selama-sewindu-156-psn-kelar-dibangun-telan-rp-1.080-triliun;JAKARTA KOMPAS.com  Selama tahun 2016 sampai 2022 156 Proyek Strategis Nasional PSN telah selesai dibangun dengan estimasi nilai investasi sebesar Rp 1.080 triliun. Di mana sampai dengan Mei 2023 ada 3 PSN yang selesai dengan nilai Rp 30 triliun. Dengan begitu Pemerintah menargetkan sebanyak 58 PSN selesai hingga Semester I2024;Proyek Strategis Nasional PSN
8 4 Hektare Hutan di TN Baluran Situbondo Terbakar  Suhu Panas Bikin Pemadaman Sulit ;Penulis Kontributor Situbondo  Ridho Abdullah Akbar | Editor Krisiandi;09/05/2023:19:49;positive;http://regional.kompas.com/read/2023/05/09/194952378/84-hektare-hutan-di-tn-baluran-situbondo-terbakar-suhu-panas-bikin;Bagian Evaluasi dan Pelaporan Taman Nasional Baluran Joko Mulyo menyatakan petugas pemadam menuju spot api pada pukul 11.00 WIB dan api baru bisa dipadamkan tiga jam kemudian. Ada tiga titik api yakni di Curah Duluk Karang Teko dan Labuan Merak bagian utara taman nasional. Pihak taman nasional sudah mendapai imbauan dari pemerintah untuk waspada dan antisipasi tentang kebakaran hutan yang bisa terjadi sewaktuwaktu;Taman Nasional Baluran kebakaran hutan dan lahan taman nasional baluran terbakar
Alasan di Balik Bandara Kertajati Dapat Label PSN yang Belum Sukses ;Penulis Muhdany Yusuf Laksono | Editor Muhdany Yusuf Laksono;09/05/2023:19:30;positive;http://www.kompas.com/properti/read/2023/05/09/193000921/alasan-di-balik-bandara-kertajati-dapat-label-psn-yang-belum-sukses;Sehingga hal tersebut membuat Bandara Kertajati dan Jalan Tol Cisumdawu tidak bisa selesai secara bersamaan. Menurut dia minimnya akses menuju Bandara Kertajati disebabkan belum rampungnya Jalan Tol Cisumdawu. Selain masalah akses jalan menuju bandara kekurangan lain Bandara Kertajati ialah tidak dibangunnya infrastruktur untuk ekosistem pendukung seperti penginapan untuk kru bandara rumah sakit hingga pemadam kebakaran;bandara Tol Cisumdawu bandara kertajati Proyek Strategis Nasional PSN
Kemenkes Sebut Vaksinasi Tak Lagi Gratis jika Status Darurat Covid-19 Nasional Dicabut ;Penulis Dian Erika Nugraheny | Editor Novianti Setuningsih;09/05/2023:19:03;positive;http://nasional.kompas.com/read/2023/05/09/19033961/kemenkes-sebut-vaksinasi-tak-lagi-gratis-jika-status-darurat-covid-19;JAKARTA KOMPAS.com Juru Bicara Kementerian Kesehatan Kemenkes Muhammad Syahril mengatakan vaksinasi Covid19 tidak lagi gratis diberikan kepada masyarakat apabila status kedaruratan Covid19 secara nasional sudah dicabut oleh pemerintah. Sebelumnya Syahril mengatakan pencabutan status darurat nasional Covid19 di Indonesia akan dilakukan oleh Presiden Joko Widodo Jokowi. Terlebih nantinya vaksinasi Covid19 akan diintegrasikan dengan program vaksinasi nasional;Kemenkes Covid-19 vaksin Covid-19 vaksinasi Covid-19 status darurat Covid-19 status darurat Covid-19 dicabut WHO cabut status darurat Covid-19
Pakai Masker Tak Jadi Kewajiban jika Status Darurat Covid-19 Nasional Dicabut ;Penulis Dian Erika Nugraheny | Editor Icha Rastika;09/05/2023:18:47;negative;http://nasional.kompas.com/read/2023/05/09/18474021/pakai-masker-tak-jadi-kewajiban-jika-status-darurat-covid-19-nasional;Meski demikian WHO tetap mengingatkan bahwa pencabutan status darurat Covid19 bukan berarti dunia ini bebas dari virus corona sepenuhnya. Dalam kesempatan tersebut Syahril juga menyampaikan pencabutan status darurat nasional Covid19 di Indonesia akan dilakukan oleh Presiden Joko Widodo. Namun pencabutan secara resmi status Covid19 sebagai darurat kesehatan masyarakat yang menjadi perhatian internasional oleh WHO adalah momen penting dalam berbagai aspek kehidupan manusia;Kemenkes Covid-19 Masker status darurat Covid-19
Jokowi Akan Umumkan Pencabutan Status Bencana Nasional Covid-19  Masyarakat Diminta Bersabar ;Penulis Dian Erika Nugraheny | Editor Diamanty Meiliana;09/05/2023:16:09;positive;http://nasional.kompas.com/read/2023/05/09/16095931/jokowi-akan-umumkan-pencabutan-status-bencana-nasional-covid-19-masyarakat;Sebagaimana diketahui pada 2020 lalu Presiden Jokowi secara resmi menetapkan wabah virus corona Covid19 sebagai bencana nasional. Penetapan ini dilakukan lewat penerbitan Keputusan Presiden Nomor 12 Tahun 2020 tentang Penetapan Bencana Nonalam Penyebaran Corona Virus Disease 2019 Covid19 sebagai bencana nasional. JAKARTA KOMPAS.com Juru Bicara Kementerian Kesehatan Kemenkes Mohammad Syahril mengatakan pencabutan status bencana nasional Covid19 di Indonesia akan dilakukan oleh Presiden Joko Widodo;Kemenkes Jokowi bencana nasional virus corona bencana nasional covid-19 bencana nasional status bencana nasional covid-19 dicabut
Ramai tentang Diduga Soal UTBK SNBT Hari Pertama Bocor  Ini Kata SNMPB ;Penulis Yefta Christopherus Asia Sanjaya | Editor Sari Hardiyanto;09/05/2023:10:07;positive;http://www.kompas.com/tren/read/2023/05/09/100700165/ramai-tentang-diduga-soal-utbk-snbt-hari-pertama-bocor-ini-kata-snmpb;BOCORAN SOAL UTBK SNBT 2023 UPDATE SETIAP HARI. Soal PK PU UTBK SNBT 2023. KOMPAS.com Unggahan yang memperlihatkan diduga soal Ujian Tulis Berbasis Komputer UTBK Seleksi Nasional Berdasarkan Tes SNBT 2023 beredar di media sosial;Seleksi Nasional Penerimaan Mahasiswa Baru Seleksi Nasional Berdasarkan Tes Ujian Tulis Berbasis Komputer soal UTBK diduga bocor soal diduga UTBK beredar di media sosial
[POPULER NASIONAL] Kadinkes Lampung Reihana Jalani Klarifikasi LHKPN di KPK | Polemik RUU Kesehatan ;Editor Achmad Nasrudin Yahya;09/05/2023:05:55;positive;http://nasional.kompas.com/read/2023/05/09/05554221/populer-nasional-kadinkes-lampung-reihana-jalani-klarifikasi-lhkpn-di-kpk;Baca selengkapnya Demo Tolak RUU Kesehatan dan Potensi Melemahnya Perlindungan Nakes Reihana irit bicara usai menjalani klarifikasi LHKPN selama sekitar 35 jam di KPK Jakarta. Baca selengkapnya Kadinkes Lampung Reihana Tiba di KPK untuk Jalani Klarifikasi LHKPN Sebanyak lima organisasi profesi kesehatan menggelar aksi demonstrasi menolak pembahasan Rancangan UndangUndang Kesehatan Omnibus Law Senin 852023. Lalu Reihana yang irit bicara untuk menjalani klarifikasi di KPK;Kadinkes Lampung Reihana gaya hidup mewah kadinkes lampung gaji kadinkes lampung lhkpn kadinkes lampung harta kekayaan kadinkes lampung tak sesuai profil KPK klarifikasi kekayaan Kadinkes Lampung KPK klarifikasi LHKPN Kadinkes Lampung Perjalanan Kadinkes Lampung Reihana gaya hidup Kadinkes Lampung
Tanggal 11 Mei Hari Memperingati Apa? ;Penulis Tari Oktaviani | Editor Tari Oktaviani;09/05/2023:00:00;positive;http://nasional.kompas.com/read/2023/05/09/00000011/tanggal-11-mei-hari-memperingati-apa-;Setiap tanggal 11 Mei diperingati sebagai hari POM TNI. Lalu pada 3 Mei 2015 Panglima TNI Jenderal TNI Moeldoko merombak struktur satuan Polisi Militer dari Staf Khusus POM TNI menjadi POM TNI sebagai upaya meningkatkan tata tertib dan penegakan hukum di lingkungan TNI. Tanggal ini diperingati sebagai Hari POM TNI;Tanggal 11 Mei Hari Memperingati Apa? Tanggal 11 Mei diperingati sebagai hari apa? Hari Nasional Tanggal 11 Mei Hari Internasional 11 Mei Hari POM TNI
156 Proyek Strategis Nasional Senilai Lebih dari Rp 1.000 Triliun Telah Rampung ;Penulis Nur Jamal Shaid | Editor Nur Jamal Shaid;08/05/2023:21:15;positive;http://money.kompas.com/read/2023/05/08/211529626/156-proyek-strategis-nasional-senilai-lebih-dari-rp-1000-triliun-telah-rampung;Selain itu kemungkinan tidak ada tambahan PSN baru. Sebab sebagian besar PSN yang baru diusulkan masuk daftar PSN merupakan PSN dengan skema pendanaan dari swasta. Termasuk mengevaluasi PSN yang baru diusulkan masuk daftar PSN;Proyek Strategis Nasional Menko Perekonomian Airlangga Hartarto proyek infrastruktur
Musim Giling Tebu 2023 Dimulai  Bapanas Optimistis Sektor Gula Nasional Tahun ini Lebih Baik ;Penulis Elsa Catriana | Editor Akhdi Martin Pratama;07/05/2023:18:10;positive;http://money.kompas.com/read/2023/05/07/181000926/musim-giling-tebu-2023-dimulai-bapanas-optimistis-sektor-gula-nasional-tahun;Sedangkan untuk produksi secara nasional menurut Arief rencana produksi gula konsumsi pada musim giling tahun ini sebesar 26 juta ton dengan kebutuhan gula nasional di angka 34 juta ton setahun. Terkait produksi Arief mengatakan PG Krebet Baru memiliki kontribusi 5 persen terhadap produksi gula nasional sehingga pada musim giling 2023 ini pabrik gula milik ID FOOD ini ditargetkan bisa menghasilkan produksi sekitar 130.000140.000 ton gula konsumsi. Menurut data Kementerian Pertanian pada tahun 2022 produksi gula di Jawa Timur mencapai 4955 persen atau sebanyak 119 juta ton dari total produksi gula nasional yang berada di angka 24 juta ton;gula musim giling tebu Bapanas
5 Jenis Jalan di Indonesia Berdasarkan Status ;Editor Puspasari Setyaningrum;07/05/2023:13:58;positive;http://regional.kompas.com/read/2023/05/07/135830078/5-jenis-jalan-di-indonesia-berdasarkan-status;Adapun lima jenis jalan di Indonesia berdasarkan status antara lain jalan nasional jalan provinsi jalan kabupaten jalan kota dan jalan desa. Pada pasal 5 jenis jalan di Indonesia dikelompokkan dalam sistem jaringan jalan fungsi jalan status jalan dan kelas jalan. Sesuai PP No 34 Tahun 2006 Pasal 26 jalan nasional terdiri dari jalan arteri primer jalan kolektor primer yang menghubungkan antaribukota provinsi jalan tol dan jalan strategis nasional;jalan kabupaten jalan provinsi jalan nasional jalan desa jalan kota jenis jalan di Indonesia
Jadwal Libur Sekolah Juni dan Juli 2023  Ada yang 2 Minggu Lebih ;Penulis Sandra Desi Caesaria | Editor Albertus Adit;07/05/2023:12:51;positive;http://www.kompas.com/edu/read/2023/05/07/125107371/jadwal-libur-sekolah-juni-dan-juli-2023-ada-yang-2-minggu-lebih;KOMPAS.com Siswa SD SMP SMA bakal kembali libur sekolah yang panjang pada bulan Juni dan Juli 2023. Jadi siswa tetap libur di tanggal ini. Lalu tanggal berapa saja libur sekolah dimulai Sebelum itu ada tanggal merah yang bisa dinikmati siswa SD SMP SMA sederajat;Hari Libur libur nasional libur sekolah sekolah Libur tanggal merah
Pencabutan Status Bencana Nasional Covid-19 Sudah di Depan Mata ;Editor Aryo Putranto Saptohutomo;07/05/2023:05:15;positive;http://nasional.kompas.com/read/2023/05/07/05150091/pencabutan-status-bencana-nasional-covid-19-sudah-di-depan-mata;Penyebabnya adalah untuk mencabut status darurat kesehatan global untuk Covid19 pemerintah perlu mencabut aturan yang selama ini menjadikan Covid19 sebagai bencana nasional. Sebab meski WHO sudah mencabut status darurat Covid19 masih terus ada dan hidup berdampingan dengan manusia. Meski begitu Kementerian Kesehatan menyatakan terdapat sejumlah tahapan yang harus dilalui sebelum pemerintah benarbenar membuat kebijakan mencabut status darurat Covid19 secara nasional;bencana nasional Covid-19 Virus Corona Organisasi Kesehatan Dunia Kementerian Kesehatan (Kemenkes)
[POPULER NASIONAL] Pemerintah Diminta Kosongkan Wilayah Konflik Papua dari Warga Sipil | Sindiran Jokowi Usai Tinjau Jalan Rusak di Lampung ;Editor Aryo Putranto Saptohutomo;07/05/2023:05:00;negative;http://nasional.kompas.com/read/2023/05/07/05000031/-populer-nasional-pemerintah-diminta-kosongkan-wilayah-konflik-papua-dari;Jokowi menyindiri bahwa jalan rusak yang dilewati mulus dan enak untuk dinikmati. Usai mengecek langsung kondisi jalan rusak di Lampung Jokowi menyampaikan kesankesannya. Dalam kunjungan ini Jokowi tak mau menggunakan jalur jalan yang sudah disiapkan Pemerintah Provinsi Pemprov Lampung;Joko Widodo konflik papua freddy numberi TPNPB-OPM jalan rusak di lampung